demo-isolation	0	2026-08-29T03:42:29Z	2026-08-29T03:46:00Z
no-account	0	2026-08-29T03:46:00Z	2026-08-29T03:46:16Z
quarter-capture	0	2026-08-29T03:46:16Z	2026-08-29T03:46:32Z
csv-matching	0	2026-08-29T03:46:32Z	2026-08-29T03:46:48Z
atomic-import	0	2026-08-29T03:46:48Z	2026-08-29T03:47:03Z
calendar-dates	0	2026-08-29T03:47:03Z	2026-08-29T03:47:19Z
evidence-types	0	2026-08-29T03:47:19Z	2026-08-29T03:47:35Z
missing-review	0	2026-08-29T03:47:35Z	2026-08-29T03:47:51Z
evidence-pack	0	2026-08-29T03:47:51Z	2026-08-29T03:48:06Z
workspace-delete	0	2026-08-29T03:48:06Z	2026-08-29T03:48:22Z
free-limit	0	2026-08-29T03:48:22Z	2026-08-29T03:48:38Z
paid-limit	0	2026-08-29T03:48:38Z	2026-08-29T03:48:54Z
hosted-checkout	0	2026-08-29T03:48:54Z	2026-08-29T03:48:56Z
license-return	0	2026-08-29T03:48:56Z	2026-08-29T03:49:12Z
no-trackers	0	2026-08-29T03:49:12Z	2026-08-29T03:49:27Z
runtime-defaults	0	2026-08-29T03:49:27Z	2026-08-29T03:49:28Z
durable-storage	0	2026-08-29T03:49:28Z	2026-08-29T03:49:30Z
shared-state-boundary	0	2026-08-29T03:49:30Z	2026-08-29T03:49:35Z
production-topology	0	2026-08-29T03:49:35Z	2026-08-29T03:49:35Z
api-rate-limit	0	2026-08-29T03:49:35Z	2026-08-29T03:49:35Z
